cfdaNumber,estimatedTotalAmt,fundsObligatedAmt,fundProgramName,id,pdPIName,piFirstName,piMiddeInitial,piLastName,poName,date,startDate,expDate,title,coPDPI,piFullName
47.083,300000.0,300000,EPSCoR RII Track-4: Res Fellow,2429739,Meng Zhao,Meng,[],Zhao,Benjamin J. McCall,2024-09-10,2025-02-01,2027-01-31,EPSCoR Research Fellows: NSF: Enhancing Water Budget Simulations across CONUS: Modeling Vegetation Uptake of Rock Moisture,[],MENG ZHAO
47.083,299938.0,299938,EPSCoR RII Track-4: Res Fellow,2429402,Feng Li,Feng,[],Li,Pinhas Ben-Tzvi,2024-09-10,2025-01-01,2026-12-31,EPSCoR Research Fellows: NSF: Heterogeneous Integration of Wide Bandgap Semiconductor Chips for High Temperature Applications,[],FENG LI
47.074,644970.0,202860,ORCC-Organism Resp Clim Change,2413361,Paul A Hohenlohe,Paul,A,Hohenlohe,Patrick Abbot,2024-07-19,2024-12-01,2027-11-30,Collaborative Research: ORCC: Integrating evolutionary adaptive capacity and trophic dynamics to predict multi-species responses to climate change,"['James J Nagler', 'Alexandra K Fraik']",PAUL HOHENLOHE
47.083,2999956.0,1508247,EPSCoR RII Track-2 FEC,2418257,Tara Hudiburg,Tara,[],Hudiburg,Benjamin J. McCall,2024-07-22,2024-09-01,2028-08-31,Collaborative Research: RII FEC: Intermountain Natural and Working Lands: Sustainable Practices for Ecosystems and Resilience Enhancement,"['Kristina Bartowitz', 'Dianne Baumann', 'Alex Maas', 'Kristin Haltinner']",TARA HUDIBURG
47.041,169888.0,169888,EngEd-Engineering Education,2406953,Jae Ryu,Jae,[],Ryu,Dana L. Denick,2024-08-15,2024-09-01,2026-08-31,Collaborative Research: Research Initiation: Elevating First-Year Engineering Engagement: A Comparative Analysis of Drone Courses Between HyFlex and In-Person Formats,['Kevin Chang'],JAE RYU
"47.050, 47.083",315794.0,315794,STUDIES OF THE EARTHS DEEP INT,2406115,Eric L Mittelstaedt,Eric,L,Mittelstaedt,Wendy Panero,2024-07-18,2024-08-01,2027-07-31,Merging Particle Physics and Earth Science to develop a new tool to constrain the physical and chemical properties of LLSVPs,[],ERIC MITTELSTAEDT
47.074,277923.0,277923,Evolutionary Processes,2423020,Christine E Parent,Christine,E,Parent,Samuel Scheiner,2024-07-01,2024-07-01,2027-06-30,MCA: Species Diversification and Community Assembly in Andean Land Snails,[],CHRISTINE PARENT
"47.049, 47.083",180000.0,180000,Gravity Theory,2409654,Zachariah B Etienne,Zachariah,B,Etienne,Pedro Marronetti,2024-05-20,2024-06-01,2027-05-31,Democratizing Numerical Relativity: Advancing Binary Black Hole Simulations on Consumer-Grade Hardware,[],ZACHARIAH ETIENNE
47.074,15000000.0,2669046,Cross-BIO Activities,2320667,Tara Hudiburg,Tara,[],Hudiburg,Reed Beaman,2024-05-06,2024-05-01,2030-04-30,BII: EMBER: Embedding Molecular Biology in Ecosystem Research in an era of increasing wildfire and drought,"['Christopher J Marx', 'Norma C Martinez-Gomez', 'Winslow D Hansen', 'Laurel Lynch']",TARA HUDIBURG
"47.070, 47.083",628415.0,628415,Campus Cyberinfrastructure,2346652,Daniel R Ewart,Daniel,R,Ewart,Kevin Thompson,2024-03-18,2024-04-01,2026-03-31,Research Infrastructure: CC*Networking Infrastructure: Deep Soil to Supercomputing - Infrastructure Enhancements as a Force Multiplier for Idaho Research,['Lucas J Sheneman'],DANIEL EWART
"47.049, 47.083",456051.0,302462,UNDERGRADUATE PROGRAMS IN CHEM,2348001,Kristopher V Waynant,Kristopher,V,Waynant,Tomislav Pintauer,2024-03-04,2024-04-01,2027-03-31,REU Site: Elements of Sustainability,['James Moberly'],KRISTOPHER WAYNANT
47.084,1000000.0,1000000,NSF Engines - Type 1,2315272,Tara Hudiburg,Tara,[],Hudiburg,"Xueying ''Shirley"" Han",2024-01-30,2024-03-01,2026-02-28,"NSF Engines Development Award: Building a climate-smart future in the Columbia River Basin (ID, OR, WA)","['Laura Laumatia', 'Michael Maughan', 'Richard T French', 'Kristina Bartowitz']",TARA HUDIBURG
47.076,1179977.0,546482,Discovery Research K-12,2246989,Julie M Amador,Julie,M,Amador,Jennifer Noll,2023-07-19,2023-12-01,2027-11-30,Collaborative Research: Exploring the Landscape of Rural Mathematics Education,[],JULIE AMADOR
47.049,250000.0,250000,LEAPS-MPS,2315862,Esteban A Hernandez Vargas,Esteban,A,Hernandez Vargas,Yuliya Gorb,2023-07-18,2023-11-01,2025-10-31,LEAPS-MPS: Controllable sets for nonlinear switched models with applications to infectious diseases,[],ESTEBAN HERNANDEZ VARGAS
47.083,2435509.0,1214122,EPSCoR RII Track-2 FEC,2316126,Lilian Alessa,Lilian,[],Alessa,Jose Colom,2023-08-04,2023-10-01,2027-09-30,Collaborative Research: RII Track-2 FEC: Where We Live: Local and Place Based Adaptation to Climate Change in Underserved Rural Communities,"['Alistair M Smith', 'Erich Seamon']",LILIAN ALESSA
"47.049, 47.074, 47.083",664468.0,664468,Population & Community Ecology,2314616,Scott L Nuismer,Scott,L,Nuismer,Betsy Von Holle,2023-07-21,2023-10-01,2026-09-30,Predicting the spread and impact of transmissible vaccines,[],SCOTT NUISMER
47.083,99445.0,99445,EPSCoR Outreach and Workshops,2328585,Indrajit Charit,Indrajit,[],Charit,Pinhas Ben-Tzvi,2023-08-17,2023-09-01,2024-08-31,Conference: NSF EPSCoR Workshop: Intelligent Manufacturing for Extreme Environments,"['Patrick A Johnson', 'Marco P Schoen', 'John Russell', 'David Estrada']",INDRAJIT CHARIT
47.083,20000000.0,7378643,EPSCoR RII Track-1,2242769,Andrew D Kliskey,Andrew,D,Kliskey,Jeanne Small,2023-05-05,2023-08-01,2028-07-31,RII Track-1: Idaho Community-engaged Resilience for Energy-Water Systems (I-CREWS),"['Kitty E Griswold', 'Karla Eitel', 'Kathleen Araujo', 'Alistair M Smith']",ANDREW KLISKEY
47.050,509641.0,358318,Geophysics,2310324,Eric L Mittelstaedt,Eric,L,Mittelstaedt,Wendy Panero,2023-06-08,2023-07-01,2026-06-30,Collaborative Research: As above so below: Quantifying the role of simultaneous LLSVPs and continents on Earth's cooling history using numerical simulations of mantle convection,[],ERIC MITTELSTAEDT
47.050,156022.0,156022,P4CLIMATE,2303481,Grant Harley,Grant,[],Harley,David Verardo,2023-05-18,2023-07-01,2026-06-30,"Collaborative Research: High-Resolution, Multi-Species Reconstructions of Greater Yellowstone Region Paleoclimates Using Tree-Ring Anatomy",[],GRANT HARLEY
47.074,250000.0,100000,Ecology of Infectious Diseases,2316443,Shirley Luckhart,Shirley,[],Luckhart,Andrea Porras-Alfaro,2023-05-02,2023-05-01,2028-04-30,Conference: University of Idaho Institute for Health in the Human Ecosystem Biology of Vector-borne Diseases Course,['Edwin E Lewis'],SHIRLEY LUCKHART
47.049,45380.0,45380,Combinatorics,2246773,Alexander Woo,Alexander,[],Woo,Stefaan De Winter,2023-04-10,2023-05-01,2025-04-30,Conference: Permutation Patterns 2023 and 2024,[],ALEXANDER WOO
47.070,359828.0,359828,CyberTraining - Training-based,2229604,Amin Mirkouei,Amin,[],Mirkouei,Sharmistha Bagchi-Sen,2022-09-06,2023-01-01,2026-12-31,Collaborative Research: CyberTraining: Implementation: Medium: CyberTraining of Construction (CyCon) Research Workforce Through an Educational and Community Engagement Platform,['Xiaogang Ma'],AMIN MIRKOUEI
47.041,199946.0,148159,ERI-Eng. Research Initiation,2312081,Johnny Li,Johnny,[],Li,Siqian Shen,2023-03-13,2022-10-01,2025-02-28,ERI: Drones-Enabled Active Sensing System (DEASS) for Detection of Subsurface Defects in Civil Infrastructure through Synchronized Drone Swarming and Thermal Imaging,[],JOHNNY LI
47.076,276000.0,783167,Graduate Research Fellowship,2235197,Jerry R McMurtry,Jerry,R,McMurtry,Joel Schildbach,2022-08-17,2022-09-01,2027-08-31,Graduate Research Fellowship Program (GRFP),[],JERRY MCMURTRY
47.076,2999999.0,2300246,Discovery Research K-12,2201148,Vanessa Anthony-Stevens,Vanessa,[],Anthony-Stevens,Toya frank,2022-06-30,2022-07-01,2026-06-30,Cultivating Relationships: Partnering with Teachers and Tribes to Integrate Indigenous and School STEM Knowledge,"['Karla Eitel', 'Brant G Miller', 'Philip Stevens', 'Shanara Spang Gion']",VANESSA ANTHONY-STEVENS
47.074,71669.0,71669,Ecology of Infectious Diseases,2216790,Scott L Nuismer,Scott,L,Nuismer,Samuel Scheiner,2022-05-03,2022-06-01,2023-05-31,Conference: Coordinating the development of self-disseminating vaccines for spillover prevention,[],SCOTT NUISMER
47.049,226347.0,226347,WoU-Windows on the Universe: T,2227080,Zachariah B Etienne,Zachariah,B,Etienne,Hans Krimm,2022-04-20,2022-05-01,2025-07-31,Collaborative Research: WoU-MMA: Toward Binary Neutron Star Mergers on a Moving-mesh,[],ZACHARIAH ETIENNE
"47.041, 47.083",402341.0,402341,BMMB-Biomech & Mechanobiology,2145004,Nathan R Schiele,Nathan,R,Schiele,Shivani Sharma,2022-05-03,2022-05-01,2025-04-30,Understanding Regulators of Collagen Crosslinking Enzymes for Tendon Formation,[],NATHAN SCHIELE
47.074,898220.0,527999,Cellular Dynamics and Function,2143405,Paul A Rowley,Paul,A,Rowley,Richard Cyr,2022-01-24,2022-03-01,2027-02-28,CAREER: Cellular Mechanisms of Killer Toxin Resistance in Yeasts,[],PAUL ROWLEY
47.083,99966.0,99966,EPSCoR RII Track-1,2214502,Andrew D Kliskey,Andrew,D,Kliskey,J.D. Swanson,2022-02-18,2022-03-01,2023-02-28,Planning: Idaho EPSCoR RII Track-1 Planning Grant,['Rick J Schumaker'],ANDREW KLISKEY
47.074,140899.0,140899,Evolutionary Processes,2142719,Eva M Top,Eva,M,Top,Paco Moore,2022-01-28,2022-02-01,2025-01-31,Collaborative Research: Adaptive Bridge or Barrier? The Impact of Horizontal Transfer on Genetic Evolution,[],EVA TOP
47.050,344599.0,344599,XC-Crosscutting Activities Pro,2126313,Jessica R Stanley,Jessica,R,Stanley,Kimberly Blisniuk,2021-08-01,2022-01-01,2025-12-31,Collaborative Research: Exploring the tempo of exhumation and relief development to investigate mantle-to-surface connections around the Yellowstone hotspot,[],JESSICA STANLEY
47.083,3974309.0,3974309,EPSCoR RII Track-2 FEC,2119809,Michael Maughan,Michael,[],Maughan,Chinonye Nnakwe,2021-09-16,2021-10-01,2025-09-30,"RII Track-2 FEC: Developing a Circular Bio-Based Framework For Architecture, Engineering and Construction Through Additive Manufacturing","['Brian K Via', 'Ahmed Ibrahim', 'Lili Cai', 'Carolina Manrique Hoyos']",MICHAEL MAUGHAN
"47.049, 47.070",335902.0,272334,WoU-Windows on the Universe: T,2227105,Zachariah B Etienne,Zachariah,B,Etienne,Varun Chandola,2022-04-29,2021-10-01,2025-08-31,Collaborative Research: Frameworks: The Einstein Toolkit ecosystem: Enabling fundamental research in the era of multi-messenger astrophysics,[],ZACHARIAH ETIENNE
47.074,499866.0,499866,Systematics & Biodiversity Sci,2114466,Christine E Parent,Christine,E,Parent,Cathie Aime,2021-07-22,2021-10-01,2026-09-30,"RCN: Feedbacks between geological, climatological, and biological dynamics associated with the formation of the Galápagos Islands: The Island Systems Integration Consortium (ISIC)","['Lucinda P Lawson', 'Eric L Mittelstaedt']",CHRISTINE PARENT
47.050,1597830.0,1597830,DYN COUPLED NATURAL-HUMAN,2109005,Chloe B Wardropper,Sophie,L,Gilbert,Richard Yuretich,2021-07-06,2021-09-01,2023-03-31,"DISES: Cumulative effects of ecological and social stressors on the dynamics of integrated ranching-wildlife systems: drought, wolves, and human decision-makers","['Neil Carter', 'Jeremy T Bruskotter']",SOPHIE GILBERT
47.074,677575.0,677575,Ecosystem Science,2054716,Laurel Lynch,Laurel,[],Lynch,Matthew Kane,2021-07-27,2021-09-01,2025-08-31,Collaborative Research: Effects of top scavenger declines—from microbes to ecosystems,"['Michael S Strickland', 'Tara Hudiburg']",LAUREL LYNCH
"47.050, 47.070",792475.0,932566,NAIRR-Nat AI Research Resource,2126315,Xiaogang Ma,Xiaogang,[],Ma,Eva Zanzerkia,2021-07-27,2021-09-01,2025-08-31,EarthCube Capabilities: OpenMindat - Open Access and Interoperable Mineralogy Data to Broaden Community Access and Advance Geoscience Research,[],XIAOGANG MA
47.050,128702.0,128702,Paleoclimate,2102938,Grant Harley,Grant,[],Harley,David Verardo,2021-07-21,2021-08-01,2025-07-31,Collaborative Research: P2C2--Reconstructing Tropical Cyclone Precipitation throughout the Southeastern United States,[],GRANT HARLEY
47.050,539714.0,539714,Hydrologic Sciences,2100926,Daniele Tonina,Daniele,J,Tonina,Justin Lawrence,2021-06-07,2021-08-01,2025-07-31,Collaborative Research: Changes in hyporheic exchange and nitrous oxide generation due to streambed alteration by macro-roughness elements,['Elowyn Yager'],DANIELE TONINA
47.074,443170.0,443170,Population & Community Ecology,2039525,Leda N Kobziar,Leda,N,Kobziar,Andrea Porras-Alfaro,2021-03-12,2021-04-01,2025-03-31,Collaborative Research: Biomass burning smoke as a driver of multi-scale microbial teleconnections,[],LEDA KOBZIAR
47.050,78630.0,78630,Petrology and Geochemistry,2125659,Erika Rader,Erika,[],Rader,Jennifer Wade,2021-03-18,2021-04-01,2025-03-31,RAPID: Kilauea 2020,[],ERIKA RADER
47.074,336514.0,336514,Systems and Synthetic Biology,2041523,Andreas E Vasdekis,Andreas,E,Vasdekis,Bianca Garner,2021-02-23,2021-03-01,2025-02-28,Collaborative Research: Multidimensional single-cell phenotyping for elucidating genome to phenome relationships,[],ANDREAS VASDEKIS
47.074,69485.0,69485,Ecosystem Science,2052571,Tara Hudiburg,Tara,[],Hudiburg,Gary Lamberti,2020-10-26,2020-11-01,2021-10-31,RAPID: Collaborative Research: In-situ forest ecosystem response to wildfire,['Crystal Kolden'],TARA HUDIBURG
47.083,76051.0,76051,EPSCoR Research Infrastructure,2038371,Philip Stevens,Philip,[],Stevens,J.D. Swanson,2020-08-26,2020-10-01,2022-09-30,Collaborative Research: Cultivating Indigenous Research Communities for Leadership and Education in STEM (CIRCLES),"['Sarah Penney', 'Vanessa Anthony-Stevens', 'Karla Eitel']",PHILIP STEVENS
47.083,5830709.0,6430179,EPSCoR RII Track-2 FEC,2019609,Xiaogang Ma,Xiaogang,[],Ma,Pinhas Ben-Tzvi,2020-08-19,2020-09-01,2025-08-31,RII Track-2 FEC: Leveraging Big Data to Improve Prediction of Tick-Borne Disease Patterns and Dynamics,"['Barrie Robison', 'Xun Shi', 'Frederick C Harris']",XIAOGANG MA
47.041,252542.0,252542,Major Research Instrumentation,2019231,Tao Xing,Tao,[],Xing,Harsha Chelliah,2020-08-25,2020-09-01,2023-08-31,MRI: Acquisition of a 3D Printer for Studying Biofluids and Biomechanics,"['Gordon Murdoch', 'Vibhav Durgesh', 'Nathan R Schiele', 'Bryn Martin']",TAO XING
47.076,299911.0,299911,AISL,2006101,Leda N Kobziar,Leda,N,Kobziar,Sandra Welch,2020-06-29,2020-08-01,2022-07-31,Stories of Fire: Integrative Informal STEM Learning through Participatory Narratives,"['Jennifer K Ladino', 'Erin James']",LEDA KOBZIAR
47.074,586223.0,586223,Evolution of Develp Mechanism,2015419,Adam G Jones,Adam,G,Jones,Anna Allen,2020-08-17,2020-08-01,2025-07-31,Collaborative Research: RoL: The evo-devo of male pregnancy and its effects on the brood pouch microbiome,[],ADAM JONES
47.074,1028242.0,1036360,Evolutionary Processes,1953170,Adam G Jones,Adam,G,Jones,Leslie J. Rissler,2020-05-09,2020-07-01,2025-06-30,DEB: Genomics of Sexual Selection in Pipefishes and Seahorses,[],ADAM JONES
47.075,17700.0,17700,Geography & Spatial Sci-DDRI,2012482,Grant Harley,Grant,[],Harley,Jeffrey Mantz,2020-05-21,2020-06-01,2022-11-30,Doctoral Dissertation Research: Temperature reconstructions for the United States Intermountain West,['Karen King'],GRANT HARLEY
47.074,101268.0,101268,COVID-19 Research,2031753,Michelle K McGuire,Michelle,K,McGuire,Joanna Shisler,2020-05-27,2020-06-01,2022-05-31,"RAPID: Collaborative Research: COVID-19, human milk and infant feeding","['Mark McGuire', 'Janet E Williams', 'Ryan M Pace']",MICHELLE MCGUIRE
47.050,117607.0,117607,Paleoclimate,2002524,Grant Harley,Grant,[],Harley,David Verardo,2020-02-24,2020-05-01,2024-04-30,Collaborative Research: P2C2--Summer Temperature Reconstructions for Eastern North America,[],GRANT HARLEY
47.041,500000.0,404095,CCSS-Comms Circuits & Sens Sys,1944828,Zouheir Rezki,Zouheir,[],Rezki,Zhengdao Wang,2020-01-21,2020-03-01,2021-02-28,CAREER: Advancing Space Optical Communication Systems Via Hybrid Model-Based and Learning-Based Frameworks,[],ZOUHEIR REZKI
47.083,152050.0,152050,EPSCoR Research Infrastructure,1929206,Samrat Choudhury,Samrat,[],Choudhury,Subrata Acharya,2019-11-26,2019-12-01,2021-11-30,RII Track-4: Optimizing the Chemistry of Heterointerfaces in Photovoltaics: A Combination of Electronic Structure Calculations and Machine Learning Approach,[],SAMRAT CHOUDHURY
47.070,312016.0,312016,HDR-Harnessing the Data Revolu,1940270,Fuchang Gao,Fuchang,[],Gao,Daryl Hess,2019-09-14,2019-10-01,2022-09-30,Collaborative Research: Integrating Physics and Generative Machine Learning Models for Inverse Materials Design,[],FUCHANG GAO
47.050,108245.0,108245,Sedimentary Geo & Paleobiology,1924856,Leslie L Baker,Leslie,L,Baker,Yurena Yanes,2019-07-09,2019-09-01,2024-08-31,"COLLABORATIVE RESEARCH: TRACKING PCO2, REGIONAL CLIMATE, AND VEGETATION CHANGE DURING MID-MIOCENE GLOBAL WARMING THROUGH THE EXCEPTIONAL PLANT RECORDS OF THE PACIFIC NORTHWEST, USA",[],LESLIE BAKER
47.050,449355.0,449355,NNA-Navigating the New Arctic,1927713,Lilian Alessa,Lilian,[],Alessa,Roberto Delgado,2019-09-11,2019-09-01,2025-08-31,NNA Track 1: Collaborative Research: Resilience and adaptation to the effects of permafrost degradation induced coastal erosion,[],LILIAN ALESSA
47.076,1074990.0,1074990,Alliances-Minority Participat.,1906157,Cumer S Green,Cumer,S,Green,Leroy Jones II,2019-07-24,2019-08-01,2023-06-30,LSAMP BD: University of Idaho - All Nations LSAMP,"['Jerry R McMurtry', 'Yolanda Bisbee']",CUMER GREEN
47.050,348957.0,382753,XC-Crosscutting Activities Pro,1921790,Elowyn Yager,Elowyn,[],Yager,Justin Lawrence,2019-05-14,2019-07-01,2025-06-30,A mechanistic and predictive understanding of temporal variations in the onset of sediment motion,[],ELOWYN YAGER
47.050,729932.0,729932,Tectonics,1848563,Elizabeth J Cassel,Elizabeth,J,Cassel,Colin A. Shaw,2019-02-26,2019-06-01,2025-05-31,CAREER: The Fall of Mountains: Reconstructing Extensional Collapse in the North American Cordillera from the Surface Record,[],ELIZABETH CASSEL
47.074,651698.0,651698,Ecosystem Science,1845417,Michael S Strickland,Michael,S,Strickland,Matthew Kane,2019-02-14,2019-03-01,2024-02-29,CAREER:  Ecosystem Processes in the Age of Antibiotics,[],MICHAEL STRICKLAND
47.070,122506.0,122506,Data Cyberinfrastructure,1835893,Luke Harmon,Luke,[],Harmon,Varun Chandola,2018-09-06,2019-01-01,2023-12-31,Collaborative Research: Framework: Software: HDR: Reproducible Visual Analysis of Multivariate Networks with MultiNet,[],LUKE HARMON
47.070,596975.0,620375,XC-Crosscutting Activities Pro,1835717,Xiaogang Ma,Xiaogang,[],Ma,Sheikh Ghafoor,2018-09-06,2018-12-01,2023-11-30,Elements: Software: HDR: A knowledge base of deep time to facilitate automated workflows in studying the co-evolution of the geosphere and biosphere,[],XIAOGANG MA
47.083,20000000.0,20000000,EPSCoR RII Track-1,1757324,Andrew D Kliskey,Andrew,D,Kliskey,J.D. Swanson,2018-09-14,2018-10-01,2024-03-31,RII Track-1: Linking Genome to Phenome to Predict Adaptive Responses of Organisms to Changing Landscapes,"['Colden V Baxter', 'Jennifer Forbey', 'Christopher C Caudill']",ANDREW KLISKEY
47.074,1777713.0,1777713,Dimensions of Biodiversity,1831838,Christopher J Marx,Christopher,J,Marx,Kendra McLauchlan,2018-08-10,2018-10-01,2024-09-30,"Dimensions:  The roles of phylogeny, genome content, and functional performance traits in the evolution and assembly of a diverse Methylobacterium community","['Norma C Martinez-Gomez', 'Jack M Sullivan', 'James A Foster']",CHRISTOPHER MARX
47.083,215522.0,215522,EPSCoR Research Infrastructure,1832888,Michael S Strickland,Michael,S,Strickland,Subrata Acharya,2018-08-20,2018-10-01,2021-09-30,RII Track-4: A Multi-omic Approach Towards an Understanding of the Environmental Implications of Antibiotics on Soil Processes,[],MICHAEL STRICKLAND
47.070,250000.0,250000,Software & Hardware Foundation,1816542,Ata Zadehgol,Ata,[],Zadehgol,Sankar Basu,2018-06-22,2018-10-01,2022-09-30,"SHF: SMALL: A Novel Algorithm for Automated Synthesis of Passive, Causal, and Stable Models for Optical Interconnects",[],ATA ZADEHGOL
47.041,331379.0,331379,EnvE-Environmental Engineering,1805358,James Moberly,James,[],Moberly,Karl Rockne,2018-08-13,2018-09-01,2023-08-31,Building Better Bio-Beads: Engineering Modulation of pH and Metabolite Diffusive Flux in Hydrogels,['Kristopher V Waynant'],JAMES MOBERLY
47.074,64476.0,64476,Info Integration & Informatics,1917476,Michelle K McGuire,Michelle,K,McGuire,Joanna Shisler,2019-03-18,2018-09-01,2019-09-30,"INSPIRE Track 1: What is Normal Milk? Sociocultural, Evolutionary, Environmental, and Microbial Aspects of Human Milk Composition",[],MICHELLE MCGUIRE
47.076,46000.0,828000,Graduate Research Fellowship,1842399,Jerry R McMurtry,Jerry,R,McMurtry,Jong-on Hahm,2018-07-19,2018-08-01,2023-07-31,Graduate Research Fellowship Program (GRFP),[],JERRY MCMURTRY
47.050,54545.0,54545,Paleoclimate,1805276,Grant Harley,Grant,[],Harley,David Verardo,2018-07-31,2018-08-01,2022-07-31,Collaborative Research: P2C2--Paleo-Perspectives of Streamflow Variability for Southeastern Interstate Rivers,[],GRANT HARLEY
47.074,478053.0,478053,Genetic Mechanisms,1818368,Paul A Rowley,Paul,A,Rowley,Clifford Weil,2018-07-30,2018-08-01,2023-07-31,Collaborative Research: Eukaryotic virus-host interaction and evolution in Saccharomyces yeasts,[],PAUL ROWLEY
47.074,203667.0,203667,EVOLUTIONARY ECOLOGY,1754816,Paul A Hohenlohe,Paul,A,Hohenlohe,Samuel Scheiner,2018-07-06,2018-08-01,2023-07-31,Collaborative Research: Testing Mechanisms of Microgeographic Adaptation,[],PAUL HOHENLOHE
47.076,869744.0,869744,ITEST-Inov Tech Exp Stu & Teac,1759407,Anne L Kern,Anne,L,Kern,Robert Russell,2018-03-16,2018-05-01,2022-04-30,"Collaborative Research: Voices to Hear (V2H): Native American Youth Learning About Environmental Sciences, Related Careers and Engaging Their Communities through Podcasts",['Chris Meyer'],ANNE KERN
47.050,599643.0,599643,Marine Geology and Geophysics,1753354,Eric L Mittelstaedt,Eric,L,Mittelstaedt,Gail Christeson,2018-04-23,2018-05-01,2025-04-30,"CAREER: Moving into the 3rd Dimension: Quantifying the influence of Magmatism, Tectonics, Hydrothermal Cooling, and Hotspots on the Dynamic Evolution of Divergent Plate Boundaries",[],ERIC MITTELSTAEDT
47.074,363930.0,363930,RSCH EXPER FOR UNDERGRAD SITES,1757826,David C Pfeiffer,David,C,Pfeiffer,Sally O'Connor,2018-02-23,2018-03-01,2022-02-28,REU Site: Molecular and Organismal Evolution at the University of Idaho,['Douglas G Cole'],DAVID PFEIFFER
47.050,203592.0,203592,ANS-Arctic Natural Sciences,1737413,Timothy E Link,Timothy,E,Link,Marc Stieglitz,2017-07-25,2018-01-01,2021-12-31,Collaborative Research: Regional  impacts of increasing fire frequency on carbon dynamics and  species composition in the boreal forest,[],TIMOTHY LINK
47.070,10250.0,10250,Info Integration & Informatics,1815526,Xiaogang Ma,Xiaogang,[],Ma,Maria Zemankova,2017-11-29,2017-12-01,2019-11-30,Student Support for the 2018 U.S. Semantic Technologies Symposium (US2TS),['Pascal Hitzler'],XIAOGANG MA
47.074,175454.0,175454,ECOSYSTEM STUDIES,1809144,Michael S Strickland,Michael,S,Strickland,Matthew Kane,2017-11-07,2017-10-01,2021-05-31,Collaborative Research: Volatile organic compounds released during litter decomposition and their relevance to soil ecology,[],MICHAEL STRICKLAND
47.049,23391.0,23391,MATHEMATICAL BIOLOGY,1714353,Sanford D Eigenbrode,Sanford,D,Eigenbrode,Junping Wang,2017-07-18,2017-09-01,2020-08-31,Collaborative Research: Modeling and Inference for Spatiotemporal Climate Impacts on Complex Ecosystems,[],SANFORD EIGENBRODE
47.083,6000000.0,6000000,EPSCoR Research Infrastructure,1736253,Frederick M Ytreberg,Frederick,M,Ytreberg,Subrata Acharya,2017-08-01,2017-08-01,2021-07-31,RII Track-2 FEC: Using Biophysical Protein Models to Map Genetic Variation to Phenotypes,"['Brandon Ogbunugafor', 'Craig Miller', 'Daniel M Weinreich', 'Brent L Lockwood']",FREDERICK YTREBERG
47.074,194238.0,263834,ECOSYSTEM STUDIES,1655183,Tara Hudiburg,Tara,[],Hudiburg,Reed Beaman,2017-07-05,2017-08-01,2022-07-31,Collaborative Research: Causes and consequences of fire-regime variability in Rocky Mountain forests,[],TARA HUDIBURG
47.050,140234.0,140234,ANS-Arctic Natural Sciences,1716865,Timothy C Bartholomaus,Timothy,C,Bartholomaus,Marc Stieglitz,2017-07-26,2017-08-01,2021-07-31,Collaborative Research:  What Controls Calving? A Greenland-wide Test of Terminus Change Mechanisms,[],TIMOTHY BARTHOLOMAUS
47.074,699389.0,699389,EVOLUTIONARY GENETICS,1655809,Paul A Hohenlohe,Paul,A,Hohenlohe,Leslie J. Rissler,2017-07-05,2017-08-01,2022-07-31,Using experimental population genomics to test hypotheses and develop novel analytical tools,['Erkan O Buzbas'],PAUL HOHENLOHE
47.041,350343.0,423721,EnvE-Environmental Engineering,1705728,Erik R Coats,Erik,R,Coats,Mamadou Diallo,2017-06-23,2017-07-01,2022-06-30,GOALI: WERF: WRF: Mainstream Nitritation and Polyhydroxybutyrate-co-valerate Synthesis in a Next-generation Water Resource Recovery Facility (WRRF),"['Art K Umble', 'Les MacDonald']",ERIK COATS
47.074,409998.0,409998,GoLife,1638567,Deborah L Stenkamp,Deborah,L,Stenkamp,Christopher Balakrishnan,2016-09-01,2016-10-01,2022-09-30,Collaborative Research: Diversification of sensory systems in novel habitat: enhanced vision of compensation in other modalities?,[],DEBORAH STENKAMP
47.050,558035.0,616351,Hydrologic Sciences,1559348,Daniele Tonina,Daniele,[],Tonina,Hendratta Ali,2016-04-27,2016-09-01,2025-08-31,The role of in-channel aquatic vegetation on hyporheic exchange,['Ralph S Budwig'],DANIELE TONINA
47.075,2698207.0,2698207,Track 3 INFEWS,1639524,Lilian Alessa,Lilian,[],Alessa,Robert O'Connor,2016-09-06,2016-09-01,2021-06-30,"INFEWS/T3: Social-ecological-technological solutions to waste reuse in food, energy, and water systems (ReFEWS)","['Richard Lammers', 'Andrew D Kliskey']",LILIAN ALESSA
47.075,350006.0,350006,Geography and Spatial Sciences,1636533,Teresa Cavazos Cohn,Teresa,[],Cavazos Cohn,Tom Evans,2016-08-15,2016-09-01,2022-02-28,Understanding Conceptions of Space and Time in Tribal Water Quality Governance,"['Kate A Berry', 'Kyle Whyte']",TERESA CAVAZOS COHN
47.076,2999640.0,2999640,ITEST-Inov Tech Exp Stu & Teac,1621438,Robert Ely,Robert,[],Ely,Michael Steele,2016-08-22,2016-09-01,2022-08-31,Longitudinal Learning of Viable Argument in Mathematics for Adolescents,"['Anne Adams', 'Xin Wang', 'Chandra K Lewis']",ROBERT ELY
"47.050, 47.078",499090.0,499090,AON-Arctic Observing Network,1642847,Lilian Alessa,Lilian,[],Alessa,Roberto Delgado,2016-08-22,2016-09-01,2022-08-31,RCN: EyesNorth - A Research Coordination Network of Community-Based Observing Initiatives in the Arctic and Beyond,"['Peter L Pulsifer', 'Sandra M Starkweather', 'David L Griffith']",LILIAN ALESSA
47.049,157000.0,157000,APPLIED MATHEMATICS,1616904,Linh V Nguyen,Linh,V,Nguyen,Pedro Embid,2016-08-15,2016-09-01,2021-08-31,Mathematics of Tomography,[],LINH NGUYEN
47.050,430082.0,430082,Tectonics,1550134,Elizabeth J Cassel,Elizabeth,J,Cassel,Audrey Huerta,2016-03-15,2016-06-01,2021-05-31,Collaborative Research: Quantifying Paleotopography and Paleoclimate to Test Geodynamic Models in the Peruvian Andes,[],ELIZABETH CASSEL
47.074,653194.0,667129,ECOSYSTEM STUDIES,1553049,Tara Hudiburg,Tara,[],Hudiburg,Matthew Kane,2016-01-29,2016-04-01,2021-12-31,CAREER: Forest-atmosphere interactions in an era of fire and drought,[],TARA HUDIBURG
"47.049, 47.050",2775000.0,2775000,Structural and Architectural E,1520873,Alistair M Smith,Crystal,M,Kolden,Junping Wang,2015-07-27,2015-10-01,2021-09-30,Hazards SEES: Advancing Resilience to Compounding Disasters: An Integrated Natural-Human Systems Assessment of Wildfire Vulnerability,"['John Abatzoglou', 'Jeffrey A Hicke', 'Lilian Alessa', 'Jennifer Adam']",CRYSTAL KOLDEN
47.079,245305.0,245305,IRES Track I: IRES Sites (IS),1460079,Lisette P Waits,Lisette,P,Waits,Kleanthis Psarris,2015-09-03,2015-09-01,2021-08-31,"IRES: An International, Interdisciplinary Student Research Program in a Biological Hotspot of Southern Ecuador","['David Roon', 'Frank Wilhelm', 'Nilsa A Bosque-Perez']",LISETTE WAITS
47.041,200000.0,212000,Interfacial Engineering Progra,1500815,Soumya K Srivastava,Soumya,K,Srivastava,Christina Payne,2015-08-30,2015-09-01,2019-08-31,EAGER: Rapid Screening and Identification of Organisms which Hyper-Accumulate Metals,['James Moberly'],SOUMYA SRIVASTAVA
47.041,1084787.0,1288496,Major Research Instrumentation,1532239,Joel Perry,Joel,[],Perry,Alex Leonessa,2015-08-23,2015-09-01,2023-08-31,"MRI: Development of an exoskeleton for simultaneous assessment of brain, muscular, and nervous system output during functional arm and hand tasks",['Eric T Wolbrecht'],JOEL PERRY
47.041,225000.0,411964,IUCRC-Indust-Univ Coop Res Ctr,1540045,Mark Coleman,Mark,[],Coleman,Prakash Balan,2015-08-03,2015-08-01,2021-01-31,I/UCRC Phase II:  University of Idaho Membership in Center for Advanced Forestry Systems,['Andrew S Nelson'],MARK COLEMAN
47.050,219987.0,219987,Geophysics,1520856,Eric L Mittelstaedt,Eric,L,Mittelstaedt,Robin Reichlin,2015-06-23,2015-07-01,2019-06-30,Variations in Hotspot Volcanism as a Key to Understanding Deep Mantle Dynamics,[],ERIC MITTELSTAEDT
47.076,634936.0,634936,S-STEM-Schlr Sci Tech Eng&Math,1458685,Brian K Johnson,Brian,K,Johnson,Bonnie Green,2015-05-22,2015-06-01,2021-05-31,Career Launch in Engineering Scholarship Program (Career Launch),"['Michael Lowry', 'Mark F Roll', 'Michael Maughan']",BRIAN JOHNSON
47.050,225924.0,225924,GeoPRISMS,1456664,Eric L Mittelstaedt,Eric,L,Mittelstaedt,Jennifer Wade,2015-03-03,2015-05-01,2019-01-31,Emplacement of regularly spaced volcanic centers in the East African Rift: Melt production or melt extraction?,[],ERIC MITTELSTAEDT
47.074,251014.0,251014,EVOLUTIONARY ECOLOGY,1450653,Scott L Nuismer,Scott,L,Nuismer,Samuel Scheiner,2015-04-01,2015-04-01,2020-05-31,A Bayesian Approach to Inferring the Strength of Coevolution,[],SCOTT NUISMER
47.050,86675.0,86675,Sedimentary Geo & Paleobiology,1349560,Judith T Parrish,Judith,T,Parrish,Dena Smith-Nufio,2015-01-20,2015-02-01,2019-01-31,"Collaborative Research: Unlocking secrets of Earth's largest sand sea: Paleoenvironmental records of the Lower Jurassic Navajo Sandstone, Colorado Plateau, USA",[],JUDITH PARRISH
47.076,597487.0,1257442,AGEP,1432910,Jerry R McMurtry,Jie,R,Chen,Keri Ann Sather-Wagstaff,2014-08-23,2014-10-01,2025-09-30,"Collaborative Research: The Pacific Northwest Alliance to Develop, Implement and Study a STEM Graduate Education Model for American Indians and Native Alaskans",[],JIE CHEN
47.050,94118.0,94118,Hydrologic Sciences,1417592,Daniele Tonina,Daniele,[],Tonina,Ingrid Padilla,2014-08-05,2014-08-01,2019-07-31,Collaborative Research:   How do hydrology and biogeochemistry control  carbon flux from headwater streams to the atmosphere?,[],DANIELE TONINA
47.050,890877.0,890877,Paleoclimate,1401826,Vladimir B Aizen,Vladimir,B,Aizen,David Verardo,2014-06-12,2014-06-01,2019-05-31,Collaborative Research:  P2C2--Pleistocene/Holocene Climate Reconstruction from a Pamir High Resolution Deep Ice-Core,['Elena M Aizen'],VLADIMIR AIZEN
47.076,3099997.0,3099997,IGERT FULL PROPOSALS,1249400,Timothy E Link,Timothy,E,Link,John Weishampel,2013-08-21,2013-09-01,2019-08-31,"IGERT: Adaptation to Change in Water Resources: Science to Inform Decision-making Across Disciplines, Cultures and Scales","['Barbara Cosens', 'Brian P Kennedy', 'Manoj K Shrestha']",TIMOTHY LINK
47.074,113945.0,113945,ECOSYSTEM STUDIES,1251441,Kurt Pregitzer,Kurt,[],Pregitzer,Matthew Kane,2013-08-30,2013-09-01,2019-08-31,Collaborative LTREB Renewal: Long-Term Ecosystem Response to Chronic Atmospheric Nitrate Deposition,[],KURT PREGITZER
47.050,123383.0,194362,Marine Geology and Geophysics,1260578,Eric L Mittelstaedt,Eric,L,Mittelstaedt,Candace Major,2013-06-12,2013-07-01,2019-06-30,"Collaborative Research:  Coupling Mantle Volatiles, Eruption Dynamics, and Tectonics on the Mid-Atlantic Ridge",[],ERIC MITTELSTAEDT
47.074,799959.0,806976,PHYLOGENETIC SYSTEMATICS,1253463,David C Tank,David,C,Tank,Katharina Dittmar,2013-02-05,2013-05-01,2020-04-30,CAREER:   Correlates of diversification and the investigation of the accumulation of evidence for speciation: phylogeny and systematics of a rapid and recent radiation,[],DAVID TANK
47.074,2299244.0,2860659,GoLife,1208912,Luke Harmon,Luke,[],Harmon,Simon Malcomber,2012-05-07,2012-05-01,2019-04-30,Collaborative Research:   Arbor:   Comparative Analysis Workflows for the Tree of Life,"['Charles E Hughes', 'Jeffrey Baumes']",LUKE HARMON
"47.041, 47.083",500000.0,748578,IUCRC-Indust-Univ Coop Res Ctr,1916699,Andrew S Nelson,Mark,S,Coleman,Prakash Balan,2019-12-26,2019-12-15,2025-11-30,Phase III IUCRC at University of Idaho: Center for Advanced Forestry Systems,['Mark J Kimsey'],MARK COLEMAN
"47.074, 47.083",18950955.0,18950955,Mid-scale RI - Track 1,2131837,Michael S Strickland,Michael,S,Strickland,Jennifer Weller,2021-09-20,2021-10-15,2026-09-30,Mid-scale RI-1 (M1:IP): A Deep Soil Ecotron facility to explore belowground communities and ecosystem processes,"['Susan E Crow', 'Rodrigo Vargas', 'Zachary Kayler', 'Caley K Gasch']",MICHAEL STRICKLAND
47.083,4546903.0,4546903,GRANTED,2427549,Sarah S Martonick,Sarah,S,Martonick,Dina Stroud,2024-09-10,2024-09-15,2029-08-31,Crossing the Innovation Valley of Death: Democratizing Data and Artificial Intelligence for Research Administration,"['Lucas J Sheneman', 'Barrie Robison', 'Sylvia Bradshaw']",SARAH MARTONICK
47.083,1005042.0,514516,EPSCoR RII Track-2 FEC,2418356,Armando G McDonald,Armando,G,McDonald,Jose Colom,2024-07-22,2024-09-15,2028-08-31,"Collaborative Research: RII FEC: Transforming wastes Into Economic Assets for Sustainability, Resilience, and Prosperity by a Novel Negative Emission Technology",[],ARMANDO MCDONALD
47.076,3695360.0,3695360,CYBERCORPS: SCHLAR FOR SER,1565572,Daniel Conte de Leon,Daniel,[],Conte de Leon,Li Yang,2016-09-16,2016-09-15,2023-08-31,Renewal: University of Idaho Scholarship for Servi,"['Jia Song', 'Michael Haney', 'Jim Alves-Foss']",DANIEL CONTE DE LEON
"47.049, 47.070, 47.076",299838.0,299838,"Chem Thry, Mdls & Cmptnl Mthds",2410668,Hasan M Jamil,Hasan,M,Jamil,Daniel F. Massey,2024-09-09,2024-09-15,2027-08-31,Collaborative Research: Elements: Autonomous Molecular Design Cyberinfrastructure Development for Quantum Computation,[],HASAN JAMIL
47.076,227519.0,227519,ECR:BCSER Capcity STEM Ed Rscr,2121898,Karla Eitel,Karla,[],Eitel,Andrea Nixon,2021-09-07,2021-09-15,2025-08-31,MCA: Partnering Land and communities for equitable and inclusive STEM learning,[],KARLA EITEL
47.078,671486.0,671486,ANS-Arctic Natural Sciences,1954021,Timothy C Bartholomaus,Timothy,C,Bartholomaus,Marc Stieglitz,2020-08-12,2020-08-15,2025-07-31,"Collaborative Research: Initiation, Propagation, and Termination: Understanding coupled hydrologic and glacier dynamic instabilities from the surge of Turner Glacier",[],TIMOTHY BARTHOLOMAUS
47.074,14630.0,14630,Physiol Mechs & Biomechanics,2029523,James J Nagler,Craig,J,McGowan,Kathryn Dickson,2020-08-12,2020-08-15,2021-07-31,"Symposium SICB 2021 An Evolutionary Tail: EvoDevo, structure, and function of post-anal appendages.",[],CRAIG MCGOWAN
47.049,408331.0,408331,OFFICE OF MULTIDISCIPLINARY AC,2350243,Kristopher V Waynant,Kristopher,V,Waynant,Tingyu Li,2024-08-02,2024-08-15,2027-07-31,Collaborative Research: CAS-SC: Investigating the Mild Ligand-based Oxidative Dissolution of E-waste Metals and Their Reductive Recovery,['James Moberly'],KRISTOPHER WAYNANT
47.050,304910.0,304910,Tectonics,2333104,Elizabeth J Cassel,Elizabeth,J,Cassel,Kimberly Blisniuk,2024-08-15,2024-08-15,2027-07-31,Collaborative Research: Development of topography in the northern Sierra Nevada: Reconciling differences in uplift history and causes through multi-source thermochronologic data,[],ELIZABETH CASSEL
47.050,51826.0,51826,OCEAN TECH & INTERDISC COORDIN,1744255,Eric L Mittelstaedt,Eric,L,Mittelstaedt,Kandace Binkley,2017-06-06,2017-08-15,2019-12-31,EAGER: Development of a Prototype 2D Acoustic Tomography System for Rapid Temperature Measurements in Diffuse Hydrothermal Effluent,"['Ralph S Budwig', 'Michael J Anderson']",ERIC MITTELSTAEDT
47.075,749639.0,749639,Track 1 INFEWS,1856059,Andrew D Kliskey,Andrew,D,Kliskey,Tom Evans,2019-08-02,2019-08-15,2025-07-31,"INFEWS/T3 RCN: EngageINFEWS - A Research Coordination Network for Community and Stakeholder Engagement Critical to Food, Energy, and Water Systems","['Anna-Maria Marshall', 'Chelsea L Schelly', 'Virginia H Dale', 'Paula Williams']",ANDREW KLISKEY
47.050,147279.0,147279,P4CLIMATE,2402388,Grant Harley,Grant,[],Harley,Mea S. Cook,2024-08-22,2024-08-15,2027-07-31,Collaborative Research: The North American Temperature Atlas--A Climate Field Reconstruction for Investigating Effects of Temperature on Past Droughts,[],GRANT HARLEY
"47.049, 47.083",645273.0,645273,BIOMATERIALS PROGRAM,2306118,Kristopher V Waynant,Kristopher,V,Waynant,Nitsa Rosenzweig,2023-05-15,2023-08-15,2026-07-31,Synthesis of Peptide-based Zwitterionic Cross-linkers and Evaluation in Bioadaptable Hydrogels,['Matthew T Bernards'],KRISTOPHER WAYNANT
"47.050, 47.083",443525.0,443525,Geomorphology & Land-use Dynam,2245496,Andrew Tranmer,Andrew,[],Tranmer,Raleigh Martin,2023-07-28,2023-08-15,2026-07-31,Characterizing the physical drivers of vegetation-forced bar evolution in gravel-bed streams,[],ANDREW TRANMER
"47.070, 47.083",300000.0,300000,FET-Fndtns of Emerging Tech,2421919,Ata Zadehgol,Ata,[],Zadehgol,Sankar Basu,2024-05-15,2024-08-15,2026-07-31,FET: EAGER: Physics-Informed AI-Models for Efficient Computation of Stochastic Electromagnetic Fields in Realistic 3D Nano-Scale Optical Interconnects,[],ATA ZADEHGOL
47.076,682196.0,341104,ECR-EDU Core Research,2347821,Robert Ely,Robert,[],Ely,Margret Hjalmarson,2024-08-02,2024-08-15,2028-07-31,Collaborative Research: Characterizing and Fostering Playful Mathematics for Undergraduate and High School Learning,[],ROBERT ELY
47.074,700000.0,717798,Animal Behavior,1656642,Ryan Long,Ryan,[],Long,Jodie Jawor,2017-07-26,2017-08-15,2022-07-31,Collaborative Research: Allometry of Behavior in Spatially Patterned Resource Landscapes,[],RYAN LONG
47.050,208292.0,208292,Geomorphology & Land-use Dynam,2229223,Elowyn Yager,Elowyn,[],Yager,Raleigh Martin,2023-06-06,2023-08-15,2025-07-31,Collaborative Research: Climatic Control of Erosion Rates and Landscape Morphology - Quantifying the Influence of Fluvial Thresholds,[],ELOWYN YAGER
47.041,452904.0,460824,CCSS-Comms Circuits & Sens Sys,1727447,Vishal Saxena,Vishal,[],Saxena,Jenshan Lin,2017-01-18,2016-08-17,2020-02-29,CAREER: Mixed-Signal Photonic Integrated Circuits for Energy-Efficient High-Speed Data Interfaces,[],VISHAL SAXENA
47.074,692761.0,692761,Systems and Synthetic Biology,1714949,Christopher J Marx,Christopher,J,Marx,David Rockcliffe,2017-06-26,2017-07-15,2022-06-30,"Collaborative Research: Deep-sequencing analysis of edited metabolic pathways to uncover, model, and overcome the epistatic constraints upon optimization","['Sergey Stolyar', 'Ankur Dalia']",CHRISTOPHER MARX
47.076,100037.0,100037,AGEP,1742751,Jerry R McMurtry,Jerry,R,McMurtry,Mark Leddy,2017-06-30,2017-07-15,2020-12-31,Collaborative Research: 2019 AGEP National Research Meeting,['Marcos E Galindo'],JERRY MCMURTRY
47.050,241902.0,276822,Instrumentation & Facilities,2043382,Ralph S Budwig,Ralph,S,Budwig,Luciana Astiz,2021-06-08,2021-06-15,2023-11-30,Acquisition of a Volumetric Velocimetry System,"['Erika Rader', 'Elowyn Yager', 'Daniele Tonina', 'Eric L Mittelstaedt']",RALPH BUDWIG
47.041,12750.0,12750,EPCN-Energy-Power-Ctrl-Netwrks,1836416,Brian K Johnson,Brian,K,Johnson,Anil Pahwa,2018-06-13,2018-06-15,2019-02-28,"Student Support for the 2018 International Conference on Probabilistic Methods Applied to Power Systems, To Be Held in Boise, IDaho, June 24-28, 2018",['Hangtian Lei'],BRIAN JOHNSON
47.074,199594.0,199594,COVID-19 Research,2032153,Paul A Rowley,Paul,A,Rowley,Joanna Shisler,2020-06-17,2020-06-15,2021-08-31,RAPID: The potential of SARS-CoV2 to utilize the ACE2 receptor of domesticated and wild animals for cell entry.,"['James T Van Leuven', 'Jagdish Suresh Patel']",PAUL ROWLEY
47.074,1093880.0,1117829,PHYLOGENETIC SYSTEMATICS,1751157,Christine E Parent,Christine,E,Parent,Matthew Fujita,2018-04-22,2018-05-15,2025-04-30,CAREER:   Islands as Models to Study Effects of Multidimensional Selection,[],CHRISTINE PARENT
47.076,4460195.0,2591058,CYBERCORPS: SCHLAR FOR SER,2146269,Jim Alves-Foss,Jim,[],Alves-Foss,Li Yang,2022-05-11,2022-05-15,2027-04-30,CyberCorps Scholarship for Service (Renewal): Preparing an Adaptable Cyber Security Workforce,['Jia Song'],JIM ALVES-FOSS
47.049,118517.0,112739,"AMO Experiment/Atomic, Molecul",2227079,Zachariah B Etienne,Zachariah,B,Etienne,Pedro Marronetti,2022-05-03,2022-05-15,2025-05-31,Collaborative Research: Measuring G with a Magneto-Gravitational Trap,[],ZACHARIAH ETIENNE
47.076,1368804.0,1143852,Discovery Research K-12,2006353,Julie M Amador,Julie,M,Amador,Jennifer Noll,2020-05-14,2020-05-15,2025-04-30,Collaborative Research: Synchronous Online Video-Based Development for Rural Mathematics Coaches,[],JULIE AMADOR
47.074,622609.0,622609,Biodiversity: Discov &Analysis,1457726,Jack M Sullivan,Jack,M,Sullivan,Katharina Dittmar,2015-03-23,2015-05-15,2020-10-31,Collaborative Research: A Comparative Phylogeographic Approach to Predicting Cryptic Diversity - The Inland Temperate Rainforest as a Model System,['David C Tank'],JACK SULLIVAN
47.074,1110980.0,1114104,Physiol Mechs & Biomechanics,1553550,Craig McGowan,Craig,[],McGowan,Kathryn Dickson,2016-04-12,2016-05-15,2021-06-30,CAREER: Establishing Links between Musculoskeletal Morphology and the Biomechanics of Bipedal Hopping in Desert Environments,[],CRAIG MCGOWAN
47.078,26757.0,26757,ASSP-Arctic Social Science,2013929,John W Anderson,John,W,Anderson,Erica Hill,2020-03-25,2020-04-15,2023-03-31,"WOWCLAN People: Workshop on Water, Culture, Language, and Native People in the Arctic",[],JOHN ANDERSON
47.074,56420.0,56420,COVID-19 Research,2028162,Scott L Nuismer,Scott,L,Nuismer,Samuel Scheiner,2020-04-22,2020-04-15,2021-12-31,EAGER: Evaluating the feasibility of a transmissible vaccine within bat populations.,"['James J Bull', 'Christopher H Remien']",SCOTT NUISMER
47.079,749755.0,749755,EPSCoR Research Infrastructure,1348410,Marcos E Galindo,Marcos,E,Galindo,Chinonye Nnakwe,2014-03-13,2014-03-15,2019-02-28,Indigenous Program for Stem Research and a Regional Native Network of Graduate Education: A National Research and Educational Model,"['Brant G Miller', 'Ronald W Hardy']",MARCOS GALINDO
47.076,1101523.0,1101523,ITEST-Inov Tech Exp Stu & Teac,1513349,Karla Eitel,Karla,[],Eitel,Robert Russell,2016-01-28,2016-02-15,2021-01-31,Building STEM Identity and Career Interests in Native American Students By Using Unmanned Aerial Vehicle (UAV) and Remote Sensing Technologies,"['Jan U Eitel', 'Lee Vierling', 'Teresa Cavazos Cohn']",KARLA EITEL
47.074,1016312.0,726485,Cross-BIO Activities,2144339,Chris A Hamilton,Chris,A,Hamilton,Matthew Fujita,2022-01-10,2022-01-15,2027-09-30,CAREER: Integrating Western Science and Traditional Ecological Knowledge (TEK) to Understand Aphonopelma Diversity Across the Madrean Sky Islands and Educate K-12 Tribal Students,[],CHRIS HAMILTON
